track_name,artist_name,played_at,ms_playes,date,hour,day_name
Song C,BTS,2024-01-01 00:00:00,218357,2024-01-01,0,Monday
Song D,Arijit Singh,2024-01-01 01:00:00,283508,2024-01-01,1,Monday
Song B,Arijit Singh,2024-01-01 02:00:00,176421,2024-01-01,2,Monday
Song D,Coldplay,2024-01-01 03:00:00,61605,2024-01-01,3,Monday
Song D,Taylor Swift,2024-01-01 04:00:00,262230,2024-01-01,4,Monday
Song A,Taylor Swift,2024-01-01 05:00:00,132303,2024-01-01,5,Monday
Song B,Arijit Singh,2024-01-01 06:00:00,218211,2024-01-01,6,Monday
Song B,Coldplay,2024-01-01 07:00:00,268221,2024-01-01,7,Monday
Song B,Imagine Dragons,2024-01-01 08:00:00,247210,2024-01-01,8,Monday
Song D,Taylor Swift,2024-01-01 09:00:00,136125,2024-01-01,9,Monday
Song C,Imagine Dragons,2024-01-01 10:00:00,204990,2024-01-01,10,Monday
Song B,Taylor Swift,2024-01-01 11:00:00,276727,2024-01-01,11,Monday
Song E,Taylor Swift,2024-01-01 12:00:00,218518,2024-01-01,12,Monday
Song D,The Weeknd,2024-01-01 13:00:00,184040,2024-01-01,13,Monday
Song A,Taylor Swift,2024-01-01 14:00:00,204118,2024-01-01,14,Monday
Song C,BTS,2024-01-01 15:00:00,215890,2024-01-01,15,Monday
Song E,Coldplay,2024-01-01 16:00:00,291966,2024-01-01,16,Monday
Song E,Coldplay,2024-01-01 17:00:00,64324,2024-01-01,17,Monday
Song A,Imagine Dragons,2024-01-01 18:00:00,136323,2024-01-01,18,Monday
Song C,Taylor Swift,2024-01-01 19:00:00,69111,2024-01-01,19,Monday
Song D,BTS,2024-01-01 20:00:00,229182,2024-01-01,20,Monday
Song F,Imagine Dragons,2024-01-01 21:00:00,76389,2024-01-01,21,Monday
Song C,The Weeknd,2024-01-01 22:00:00,182177,2024-01-01,22,Monday
Song A,Imagine Dragons,2024-01-01 23:00:00,101427,2024-01-01,23,Monday
Song E,Imagine Dragons,2024-01-02 00:00:00,270651,2024-01-02,0,Tuesday
Song D,Taylor Swift,2024-01-02 01:00:00,219818,2024-01-02,1,Tuesday
Song C,The Weeknd,2024-01-02 02:00:00,182883,2024-01-02,2,Tuesday
Song F,Imagine Dragons,2024-01-02 03:00:00,278958,2024-01-02,3,Tuesday
Song F,BTS,2024-01-02 04:00:00,298213,2024-01-02,4,Tuesday
Song B,BTS,2024-01-02 05:00:00,191189,2024-01-02,5,Tuesday
Song B,Coldplay,2024-01-02 06:00:00,185808,2024-01-02,6,Tuesday
Song A,The Weeknd,2024-01-02 07:00:00,172221,2024-01-02,7,Tuesday
Song C,The Weeknd,2024-01-02 08:00:00,275543,2024-01-02,8,Tuesday
Song C,Coldplay,2024-01-02 09:00:00,73234,2024-01-02,9,Tuesday
Song E,Imagine Dragons,2024-01-02 10:00:00,294936,2024-01-02,10,Tuesday
Song E,The Weeknd,2024-01-02 11:00:00,113441,2024-01-02,11,Tuesday
Song E,BTS,2024-01-02 12:00:00,60846,2024-01-02,12,Tuesday
Song B,BTS,2024-01-02 13:00:00,70954,2024-01-02,13,Tuesday
Song C,Taylor Swift,2024-01-02 14:00:00,139239,2024-01-02,14,Tuesday
Song C,The Weeknd,2024-01-02 15:00:00,106514,2024-01-02,15,Tuesday
Song F,Imagine Dragons,2024-01-02 16:00:00,148236,2024-01-02,16,Tuesday
Song B,Coldplay,2024-01-02 17:00:00,157579,2024-01-02,17,Tuesday
Song D,Coldplay,2024-01-02 18:00:00,197541,2024-01-02,18,Tuesday
Song B,Imagine Dragons,2024-01-02 19:00:00,221177,2024-01-02,19,Tuesday
Song D,Arijit Singh,2024-01-02 20:00:00,102101,2024-01-02,20,Tuesday
Song F,Taylor Swift,2024-01-02 21:00:00,124323,2024-01-02,21,Tuesday
Song A,Coldplay,2024-01-02 22:00:00,151922,2024-01-02,22,Tuesday
Song C,The Weeknd,2024-01-02 23:00:00,249139,2024-01-02,23,Tuesday
Song F,Taylor Swift,2024-01-03 00:00:00,240448,2024-01-03,0,Wednesday
Song C,The Weeknd,2024-01-03 01:00:00,236659,2024-01-03,1,Wednesday
Song E,BTS,2024-01-03 02:00:00,228048,2024-01-03,2,Wednesday
Song A,Taylor Swift,2024-01-03 03:00:00,295659,2024-01-03,3,Wednesday
Song A,Coldplay,2024-01-03 04:00:00,187534,2024-01-03,4,Wednesday
Song F,Taylor Swift,2024-01-03 05:00:00,127584,2024-01-03,5,Wednesday
Song A,Taylor Swift,2024-01-03 06:00:00,164537,2024-01-03,6,Wednesday
Song D,Taylor Swift,2024-01-03 07:00:00,138477,2024-01-03,7,Wednesday
Song A,Arijit Singh,2024-01-03 08:00:00,102533,2024-01-03,8,Wednesday
Song C,Taylor Swift,2024-01-03 09:00:00,61828,2024-01-03,9,Wednesday
Song C,The Weeknd,2024-01-03 10:00:00,61917,2024-01-03,10,Wednesday
Song C,BTS,2024-01-03 11:00:00,80618,2024-01-03,11,Wednesday
Song C,Imagine Dragons,2024-01-03 12:00:00,92254,2024-01-03,12,Wednesday
Song D,Taylor Swift,2024-01-03 13:00:00,165292,2024-01-03,13,Wednesday
Song B,Coldplay,2024-01-03 14:00:00,107362,2024-01-03,14,Wednesday
Song E,Taylor Swift,2024-01-03 15:00:00,80128,2024-01-03,15,Wednesday
Song F,Coldplay,2024-01-03 16:00:00,183781,2024-01-03,16,Wednesday
Song C,The Weeknd,2024-01-03 17:00:00,250455,2024-01-03,17,Wednesday
Song A,Coldplay,2024-01-03 18:00:00,125545,2024-01-03,18,Wednesday
Song C,Imagine Dragons,2024-01-03 19:00:00,142180,2024-01-03,19,Wednesday
Song A,BTS,2024-01-03 20:00:00,147958,2024-01-03,20,Wednesday
Song E,Coldplay,2024-01-03 21:00:00,200937,2024-01-03,21,Wednesday
Song E,Coldplay,2024-01-03 22:00:00,193291,2024-01-03,22,Wednesday
Song E,BTS,2024-01-03 23:00:00,99809,2024-01-03,23,Wednesday
Song A,Imagine Dragons,2024-01-04 00:00:00,176748,2024-01-04,0,Thursday
Song C,Taylor Swift,2024-01-04 01:00:00,65287,2024-01-04,1,Thursday
Song E,Coldplay,2024-01-04 02:00:00,225459,2024-01-04,2,Thursday
Song D,BTS,2024-01-04 03:00:00,68512,2024-01-04,3,Thursday
Song A,The Weeknd,2024-01-04 04:00:00,192414,2024-01-04,4,Thursday
Song A,BTS,2024-01-04 05:00:00,254148,2024-01-04,5,Thursday
Song C,The Weeknd,2024-01-04 06:00:00,168872,2024-01-04,6,Thursday
Song A,Imagine Dragons,2024-01-04 07:00:00,210288,2024-01-04,7,Thursday
Song A,Taylor Swift,2024-01-04 08:00:00,153070,2024-01-04,8,Thursday
Song E,BTS,2024-01-04 09:00:00,139767,2024-01-04,9,Thursday
Song C,Arijit Singh,2024-01-04 10:00:00,157829,2024-01-04,10,Thursday
Song E,Coldplay,2024-01-04 11:00:00,217686,2024-01-04,11,Thursday
Song E,Imagine Dragons,2024-01-04 12:00:00,227330,2024-01-04,12,Thursday
Song C,BTS,2024-01-04 13:00:00,284861,2024-01-04,13,Thursday
Song F,Coldplay,2024-01-04 14:00:00,102078,2024-01-04,14,Thursday
Song E,BTS,2024-01-04 15:00:00,166288,2024-01-04,15,Thursday
Song D,The Weeknd,2024-01-04 16:00:00,143524,2024-01-04,16,Thursday
Song D,BTS,2024-01-04 17:00:00,287645,2024-01-04,17,Thursday
Song A,Arijit Singh,2024-01-04 18:00:00,72219,2024-01-04,18,Thursday
Song D,BTS,2024-01-04 19:00:00,60235,2024-01-04,19,Thursday
Song A,BTS,2024-01-04 20:00:00,102929,2024-01-04,20,Thursday
Song F,Arijit Singh,2024-01-04 21:00:00,187309,2024-01-04,21,Thursday
Song C,Imagine Dragons,2024-01-04 22:00:00,127444,2024-01-04,22,Thursday
Song C,BTS,2024-01-04 23:00:00,199639,2024-01-04,23,Thursday
Song C,Arijit Singh,2024-01-05 00:00:00,161834,2024-01-05,0,Friday
Song D,Coldplay,2024-01-05 01:00:00,261864,2024-01-05,1,Friday
Song F,The Weeknd,2024-01-05 02:00:00,256513,2024-01-05,2,Friday
Song D,The Weeknd,2024-01-05 03:00:00,144555,2024-01-05,3,Friday
Song D,BTS,2024-01-05 04:00:00,133698,2024-01-05,4,Friday
Song F,Imagine Dragons,2024-01-05 05:00:00,184450,2024-01-05,5,Friday
Song F,Imagine Dragons,2024-01-05 06:00:00,196487,2024-01-05,6,Friday
Song F,Coldplay,2024-01-05 07:00:00,227231,2024-01-05,7,Friday
Song F,BTS,2024-01-05 08:00:00,103925,2024-01-05,8,Friday
Song C,The Weeknd,2024-01-05 09:00:00,197023,2024-01-05,9,Friday
Song B,Imagine Dragons,2024-01-05 10:00:00,147388,2024-01-05,10,Friday
Song B,BTS,2024-01-05 11:00:00,68007,2024-01-05,11,Friday
Song F,Imagine Dragons,2024-01-05 12:00:00,232904,2024-01-05,12,Friday
Song B,Arijit Singh,2024-01-05 13:00:00,118596,2024-01-05,13,Friday
Song B,Imagine Dragons,2024-01-05 14:00:00,181101,2024-01-05,14,Friday
Song F,The Weeknd,2024-01-05 15:00:00,221595,2024-01-05,15,Friday
Song B,Taylor Swift,2024-01-05 16:00:00,148861,2024-01-05,16,Friday
Song D,Coldplay,2024-01-05 17:00:00,146740,2024-01-05,17,Friday
Song A,Coldplay,2024-01-05 18:00:00,75524,2024-01-05,18,Friday
Song A,The Weeknd,2024-01-05 19:00:00,210354,2024-01-05,19,Friday
Song F,Imagine Dragons,2024-01-05 20:00:00,215002,2024-01-05,20,Friday
Song C,BTS,2024-01-05 21:00:00,191149,2024-01-05,21,Friday
Song F,Imagine Dragons,2024-01-05 22:00:00,296953,2024-01-05,22,Friday
Song C,The Weeknd,2024-01-05 23:00:00,185501,2024-01-05,23,Friday
Song A,Coldplay,2024-01-06 00:00:00,80611,2024-01-06,0,Saturday
Song F,Imagine Dragons,2024-01-06 01:00:00,208056,2024-01-06,1,Saturday
Song E,Coldplay,2024-01-06 02:00:00,74060,2024-01-06,2,Saturday
Song D,BTS,2024-01-06 03:00:00,274057,2024-01-06,3,Saturday
Song B,Coldplay,2024-01-06 04:00:00,275128,2024-01-06,4,Saturday
Song C,Coldplay,2024-01-06 05:00:00,103303,2024-01-06,5,Saturday
Song E,Taylor Swift,2024-01-06 06:00:00,250279,2024-01-06,6,Saturday
Song B,Taylor Swift,2024-01-06 07:00:00,266118,2024-01-06,7,Saturday
Song B,Arijit Singh,2024-01-06 08:00:00,220359,2024-01-06,8,Saturday
Song F,Taylor Swift,2024-01-06 09:00:00,284781,2024-01-06,9,Saturday
Song B,Coldplay,2024-01-06 10:00:00,99711,2024-01-06,10,Saturday
Song D,The Weeknd,2024-01-06 11:00:00,203026,2024-01-06,11,Saturday
Song E,Coldplay,2024-01-06 12:00:00,133340,2024-01-06,12,Saturday
Song B,The Weeknd,2024-01-06 13:00:00,263173,2024-01-06,13,Saturday
Song F,The Weeknd,2024-01-06 14:00:00,262592,2024-01-06,14,Saturday
Song D,Taylor Swift,2024-01-06 15:00:00,278134,2024-01-06,15,Saturday
Song A,Imagine Dragons,2024-01-06 16:00:00,162974,2024-01-06,16,Saturday
Song E,BTS,2024-01-06 17:00:00,209646,2024-01-06,17,Saturday
Song B,Taylor Swift,2024-01-06 18:00:00,200256,2024-01-06,18,Saturday
Song F,Taylor Swift,2024-01-06 19:00:00,210168,2024-01-06,19,Saturday
Song A,Imagine Dragons,2024-01-06 20:00:00,127728,2024-01-06,20,Saturday
Song A,BTS,2024-01-06 21:00:00,225088,2024-01-06,21,Saturday
Song C,Coldplay,2024-01-06 22:00:00,71246,2024-01-06,22,Saturday
Song D,Arijit Singh,2024-01-06 23:00:00,236630,2024-01-06,23,Saturday
Song B,Arijit Singh,2024-01-07 00:00:00,209453,2024-01-07,0,Sunday
Song F,Coldplay,2024-01-07 01:00:00,187796,2024-01-07,1,Sunday
Song C,Taylor Swift,2024-01-07 02:00:00,227527,2024-01-07,2,Sunday
Song D,BTS,2024-01-07 03:00:00,152263,2024-01-07,3,Sunday
Song C,Taylor Swift,2024-01-07 04:00:00,195090,2024-01-07,4,Sunday
Song E,The Weeknd,2024-01-07 05:00:00,71302,2024-01-07,5,Sunday
Song D,Taylor Swift,2024-01-07 06:00:00,127506,2024-01-07,6,Sunday
Song D,Taylor Swift,2024-01-07 07:00:00,101157,2024-01-07,7,Sunday
Song B,Coldplay,2024-01-07 08:00:00,114917,2024-01-07,8,Sunday
Song D,Coldplay,2024-01-07 09:00:00,283810,2024-01-07,9,Sunday
Song C,Coldplay,2024-01-07 10:00:00,156646,2024-01-07,10,Sunday
Song D,Arijit Singh,2024-01-07 11:00:00,143122,2024-01-07,11,Sunday
Song B,The Weeknd,2024-01-07 12:00:00,84519,2024-01-07,12,Sunday
Song B,Coldplay,2024-01-07 13:00:00,287881,2024-01-07,13,Sunday
Song E,BTS,2024-01-07 14:00:00,278559,2024-01-07,14,Sunday
Song C,Arijit Singh,2024-01-07 15:00:00,247891,2024-01-07,15,Sunday
Song A,Imagine Dragons,2024-01-07 16:00:00,140910,2024-01-07,16,Sunday
Song A,BTS,2024-01-07 17:00:00,180430,2024-01-07,17,Sunday
Song D,BTS,2024-01-07 18:00:00,131324,2024-01-07,18,Sunday
Song E,Coldplay,2024-01-07 19:00:00,65408,2024-01-07,19,Sunday
Song F,Imagine Dragons,2024-01-07 20:00:00,119379,2024-01-07,20,Sunday
Song D,Imagine Dragons,2024-01-07 21:00:00,85053,2024-01-07,21,Sunday
Song E,Arijit Singh,2024-01-07 22:00:00,200518,2024-01-07,22,Sunday
Song C,Imagine Dragons,2024-01-07 23:00:00,191994,2024-01-07,23,Sunday
Song C,The Weeknd,2024-01-08 00:00:00,158723,2024-01-08,0,Monday
Song C,Coldplay,2024-01-08 01:00:00,111356,2024-01-08,1,Monday
Song C,Imagine Dragons,2024-01-08 02:00:00,70789,2024-01-08,2,Monday
Song C,Arijit Singh,2024-01-08 03:00:00,157720,2024-01-08,3,Monday
Song E,The Weeknd,2024-01-08 04:00:00,126656,2024-01-08,4,Monday
Song E,Taylor Swift,2024-01-08 05:00:00,104028,2024-01-08,5,Monday
Song B,Taylor Swift,2024-01-08 06:00:00,124484,2024-01-08,6,Monday
Song A,The Weeknd,2024-01-08 07:00:00,92154,2024-01-08,7,Monday
Song C,Arijit Singh,2024-01-08 08:00:00,273942,2024-01-08,8,Monday
Song F,The Weeknd,2024-01-08 09:00:00,62336,2024-01-08,9,Monday
Song E,Coldplay,2024-01-08 10:00:00,163677,2024-01-08,10,Monday
Song F,Coldplay,2024-01-08 11:00:00,127779,2024-01-08,11,Monday
Song F,Taylor Swift,2024-01-08 12:00:00,79029,2024-01-08,12,Monday
Song F,Imagine Dragons,2024-01-08 13:00:00,119201,2024-01-08,13,Monday
Song B,Arijit Singh,2024-01-08 14:00:00,92265,2024-01-08,14,Monday
Song E,Taylor Swift,2024-01-08 15:00:00,162916,2024-01-08,15,Monday
Song F,Imagine Dragons,2024-01-08 16:00:00,234944,2024-01-08,16,Monday
Song C,Imagine Dragons,2024-01-08 17:00:00,106197,2024-01-08,17,Monday
Song D,Coldplay,2024-01-08 18:00:00,185733,2024-01-08,18,Monday
Song F,BTS,2024-01-08 19:00:00,246252,2024-01-08,19,Monday
Song B,BTS,2024-01-08 20:00:00,214782,2024-01-08,20,Monday
Song E,The Weeknd,2024-01-08 21:00:00,220558,2024-01-08,21,Monday
Song B,Coldplay,2024-01-08 22:00:00,131907,2024-01-08,22,Monday
Song F,Imagine Dragons,2024-01-08 23:00:00,188876,2024-01-08,23,Monday
Song E,Arijit Singh,2024-01-09 00:00:00,262967,2024-01-09,0,Tuesday
Song D,BTS,2024-01-09 01:00:00,124435,2024-01-09,1,Tuesday
Song F,Imagine Dragons,2024-01-09 02:00:00,100631,2024-01-09,2,Tuesday
Song B,BTS,2024-01-09 03:00:00,189038,2024-01-09,3,Tuesday
Song A,BTS,2024-01-09 04:00:00,292604,2024-01-09,4,Tuesday
Song C,BTS,2024-01-09 05:00:00,80103,2024-01-09,5,Tuesday
Song B,Arijit Singh,2024-01-09 06:00:00,124772,2024-01-09,6,Tuesday
Song E,Coldplay,2024-01-09 07:00:00,186108,2024-01-09,7,Tuesday
Song F,Arijit Singh,2024-01-09 08:00:00,74382,2024-01-09,8,Tuesday
Song C,Taylor Swift,2024-01-09 09:00:00,144291,2024-01-09,9,Tuesday
Song F,Imagine Dragons,2024-01-09 10:00:00,161195,2024-01-09,10,Tuesday
Song E,Coldplay,2024-01-09 11:00:00,194828,2024-01-09,11,Tuesday
Song F,Coldplay,2024-01-09 12:00:00,80609,2024-01-09,12,Tuesday
Song A,Coldplay,2024-01-09 13:00:00,207550,2024-01-09,13,Tuesday
Song C,Coldplay,2024-01-09 14:00:00,292050,2024-01-09,14,Tuesday
Song C,Arijit Singh,2024-01-09 15:00:00,230738,2024-01-09,15,Tuesday
Song E,Coldplay,2024-01-09 16:00:00,135683,2024-01-09,16,Tuesday
Song A,The Weeknd,2024-01-09 17:00:00,290169,2024-01-09,17,Tuesday
Song B,Imagine Dragons,2024-01-09 18:00:00,184714,2024-01-09,18,Tuesday
Song F,Coldplay,2024-01-09 19:00:00,190330,2024-01-09,19,Tuesday
Song D,Imagine Dragons,2024-01-09 20:00:00,291492,2024-01-09,20,Tuesday
Song F,The Weeknd,2024-01-09 21:00:00,131315,2024-01-09,21,Tuesday
Song F,The Weeknd,2024-01-09 22:00:00,137834,2024-01-09,22,Tuesday
Song B,Imagine Dragons,2024-01-09 23:00:00,186205,2024-01-09,23,Tuesday
Song F,BTS,2024-01-10 00:00:00,74153,2024-01-10,0,Wednesday
Song A,Taylor Swift,2024-01-10 01:00:00,136325,2024-01-10,1,Wednesday
Song A,BTS,2024-01-10 02:00:00,204071,2024-01-10,2,Wednesday
Song C,BTS,2024-01-10 03:00:00,115318,2024-01-10,3,Wednesday
Song E,Arijit Singh,2024-01-10 04:00:00,191886,2024-01-10,4,Wednesday
Song D,BTS,2024-01-10 05:00:00,175033,2024-01-10,5,Wednesday
Song F,Coldplay,2024-01-10 06:00:00,136077,2024-01-10,6,Wednesday
Song F,Arijit Singh,2024-01-10 07:00:00,150474,2024-01-10,7,Wednesday
Song B,Arijit Singh,2024-01-10 08:00:00,193515,2024-01-10,8,Wednesday
Song E,The Weeknd,2024-01-10 09:00:00,267065,2024-01-10,9,Wednesday
Song A,BTS,2024-01-10 10:00:00,266988,2024-01-10,10,Wednesday
Song D,The Weeknd,2024-01-10 11:00:00,133319,2024-01-10,11,Wednesday
Song C,Imagine Dragons,2024-01-10 12:00:00,185885,2024-01-10,12,Wednesday
Song A,Taylor Swift,2024-01-10 13:00:00,169777,2024-01-10,13,Wednesday
Song E,Arijit Singh,2024-01-10 14:00:00,77368,2024-01-10,14,Wednesday
Song C,Imagine Dragons,2024-01-10 15:00:00,206400,2024-01-10,15,Wednesday
Song B,Imagine Dragons,2024-01-10 16:00:00,248014,2024-01-10,16,Wednesday
Song B,Coldplay,2024-01-10 17:00:00,151751,2024-01-10,17,Wednesday
Song F,Taylor Swift,2024-01-10 18:00:00,290203,2024-01-10,18,Wednesday
Song E,Imagine Dragons,2024-01-10 19:00:00,87306,2024-01-10,19,Wednesday
Song D,Imagine Dragons,2024-01-10 20:00:00,276523,2024-01-10,20,Wednesday
Song C,Taylor Swift,2024-01-10 21:00:00,230987,2024-01-10,21,Wednesday
Song A,Taylor Swift,2024-01-10 22:00:00,97219,2024-01-10,22,Wednesday
Song E,Imagine Dragons,2024-01-10 23:00:00,271951,2024-01-10,23,Wednesday
Song E,Taylor Swift,2024-01-11 00:00:00,255716,2024-01-11,0,Thursday
Song B,Imagine Dragons,2024-01-11 01:00:00,120279,2024-01-11,1,Thursday
Song F,Imagine Dragons,2024-01-11 02:00:00,113028,2024-01-11,2,Thursday
Song F,Coldplay,2024-01-11 03:00:00,164263,2024-01-11,3,Thursday
Song C,BTS,2024-01-11 04:00:00,60126,2024-01-11,4,Thursday
Song B,Imagine Dragons,2024-01-11 05:00:00,112329,2024-01-11,5,Thursday
Song E,The Weeknd,2024-01-11 06:00:00,87632,2024-01-11,6,Thursday
Song D,Arijit Singh,2024-01-11 07:00:00,298171,2024-01-11,7,Thursday
Song B,BTS,2024-01-11 08:00:00,256382,2024-01-11,8,Thursday
Song C,BTS,2024-01-11 09:00:00,169945,2024-01-11,9,Thursday
Song C,BTS,2024-01-11 10:00:00,115176,2024-01-11,10,Thursday
Song B,Coldplay,2024-01-11 11:00:00,277138,2024-01-11,11,Thursday
Song C,Imagine Dragons,2024-01-11 12:00:00,296572,2024-01-11,12,Thursday
Song B,Coldplay,2024-01-11 13:00:00,235399,2024-01-11,13,Thursday
Song A,Imagine Dragons,2024-01-11 14:00:00,259976,2024-01-11,14,Thursday
Song B,Coldplay,2024-01-11 15:00:00,194869,2024-01-11,15,Thursday
Song B,Coldplay,2024-01-11 16:00:00,238954,2024-01-11,16,Thursday
Song C,Arijit Singh,2024-01-11 17:00:00,204790,2024-01-11,17,Thursday
Song C,The Weeknd,2024-01-11 18:00:00,94560,2024-01-11,18,Thursday
Song F,Coldplay,2024-01-11 19:00:00,136589,2024-01-11,19,Thursday
Song F,Arijit Singh,2024-01-11 20:00:00,82116,2024-01-11,20,Thursday
Song A,Taylor Swift,2024-01-11 21:00:00,227316,2024-01-11,21,Thursday
Song F,The Weeknd,2024-01-11 22:00:00,292793,2024-01-11,22,Thursday
Song B,Coldplay,2024-01-11 23:00:00,192717,2024-01-11,23,Thursday
Song C,BTS,2024-01-12 00:00:00,238595,2024-01-12,0,Friday
Song F,Taylor Swift,2024-01-12 01:00:00,184085,2024-01-12,1,Friday
Song F,Taylor Swift,2024-01-12 02:00:00,177718,2024-01-12,2,Friday
Song A,Arijit Singh,2024-01-12 03:00:00,79256,2024-01-12,3,Friday
Song E,Taylor Swift,2024-01-12 04:00:00,292448,2024-01-12,4,Friday
Song A,The Weeknd,2024-01-12 05:00:00,160158,2024-01-12,5,Friday
Song B,Coldplay,2024-01-12 06:00:00,244245,2024-01-12,6,Friday
Song C,Coldplay,2024-01-12 07:00:00,228502,2024-01-12,7,Friday
Song A,BTS,2024-01-12 08:00:00,230354,2024-01-12,8,Friday
Song F,Arijit Singh,2024-01-12 09:00:00,179719,2024-01-12,9,Friday
Song C,BTS,2024-01-12 10:00:00,254446,2024-01-12,10,Friday
Song C,Taylor Swift,2024-01-12 11:00:00,128244,2024-01-12,11,Friday
Song F,BTS,2024-01-12 12:00:00,202766,2024-01-12,12,Friday
Song A,The Weeknd,2024-01-12 13:00:00,116264,2024-01-12,13,Friday
Song F,Coldplay,2024-01-12 14:00:00,266132,2024-01-12,14,Friday
Song E,Taylor Swift,2024-01-12 15:00:00,288488,2024-01-12,15,Friday
Song C,BTS,2024-01-12 16:00:00,117545,2024-01-12,16,Friday
Song D,Arijit Singh,2024-01-12 17:00:00,99224,2024-01-12,17,Friday
Song D,The Weeknd,2024-01-12 18:00:00,293588,2024-01-12,18,Friday
Song B,The Weeknd,2024-01-12 19:00:00,157945,2024-01-12,19,Friday
Song F,BTS,2024-01-12 20:00:00,73224,2024-01-12,20,Friday
Song F,Coldplay,2024-01-12 21:00:00,100738,2024-01-12,21,Friday
Song B,BTS,2024-01-12 22:00:00,216222,2024-01-12,22,Friday
Song B,Taylor Swift,2024-01-12 23:00:00,123731,2024-01-12,23,Friday
Song B,BTS,2024-01-13 00:00:00,240760,2024-01-13,0,Saturday
Song C,The Weeknd,2024-01-13 01:00:00,291001,2024-01-13,1,Saturday
Song E,BTS,2024-01-13 02:00:00,299690,2024-01-13,2,Saturday
Song F,Coldplay,2024-01-13 03:00:00,264581,2024-01-13,3,Saturday
Song C,Arijit Singh,2024-01-13 04:00:00,199649,2024-01-13,4,Saturday
Song B,Imagine Dragons,2024-01-13 05:00:00,68070,2024-01-13,5,Saturday
Song F,BTS,2024-01-13 06:00:00,186161,2024-01-13,6,Saturday
Song C,Coldplay,2024-01-13 07:00:00,68666,2024-01-13,7,Saturday
Song E,Coldplay,2024-01-13 08:00:00,117761,2024-01-13,8,Saturday
Song C,Arijit Singh,2024-01-13 09:00:00,96368,2024-01-13,9,Saturday
Song E,The Weeknd,2024-01-13 10:00:00,197855,2024-01-13,10,Saturday
Song B,Coldplay,2024-01-13 11:00:00,101914,2024-01-13,11,Saturday
Song E,Coldplay,2024-01-13 12:00:00,261579,2024-01-13,12,Saturday
Song F,Coldplay,2024-01-13 13:00:00,187738,2024-01-13,13,Saturday
Song B,Coldplay,2024-01-13 14:00:00,270098,2024-01-13,14,Saturday
Song F,Taylor Swift,2024-01-13 15:00:00,127526,2024-01-13,15,Saturday
Song D,Taylor Swift,2024-01-13 16:00:00,261907,2024-01-13,16,Saturday
Song A,The Weeknd,2024-01-13 17:00:00,236837,2024-01-13,17,Saturday
Song E,BTS,2024-01-13 18:00:00,79956,2024-01-13,18,Saturday
Song A,Coldplay,2024-01-13 19:00:00,278967,2024-01-13,19,Saturday
Song A,Arijit Singh,2024-01-13 20:00:00,106240,2024-01-13,20,Saturday
Song E,BTS,2024-01-13 21:00:00,181008,2024-01-13,21,Saturday
Song B,Arijit Singh,2024-01-13 22:00:00,228220,2024-01-13,22,Saturday
Song D,BTS,2024-01-13 23:00:00,154270,2024-01-13,23,Saturday
Song F,The Weeknd,2024-01-14 00:00:00,64757,2024-01-14,0,Sunday
Song C,Coldplay,2024-01-14 01:00:00,79097,2024-01-14,1,Sunday
Song F,Coldplay,2024-01-14 02:00:00,201467,2024-01-14,2,Sunday
Song C,Imagine Dragons,2024-01-14 03:00:00,207313,2024-01-14,3,Sunday
Song F,Arijit Singh,2024-01-14 04:00:00,163892,2024-01-14,4,Sunday
Song E,BTS,2024-01-14 05:00:00,218768,2024-01-14,5,Sunday
Song D,BTS,2024-01-14 06:00:00,130480,2024-01-14,6,Sunday
Song C,Taylor Swift,2024-01-14 07:00:00,106163,2024-01-14,7,Sunday
Song B,Imagine Dragons,2024-01-14 08:00:00,79816,2024-01-14,8,Sunday
Song F,Taylor Swift,2024-01-14 09:00:00,240912,2024-01-14,9,Sunday
Song F,Taylor Swift,2024-01-14 10:00:00,293619,2024-01-14,10,Sunday
Song C,Taylor Swift,2024-01-14 11:00:00,112853,2024-01-14,11,Sunday
Song B,Arijit Singh,2024-01-14 12:00:00,215989,2024-01-14,12,Sunday
Song B,Arijit Singh,2024-01-14 13:00:00,156731,2024-01-14,13,Sunday
Song E,The Weeknd,2024-01-14 14:00:00,212638,2024-01-14,14,Sunday
Song E,The Weeknd,2024-01-14 15:00:00,266524,2024-01-14,15,Sunday
Song E,Taylor Swift,2024-01-14 16:00:00,122823,2024-01-14,16,Sunday
Song E,Imagine Dragons,2024-01-14 17:00:00,211878,2024-01-14,17,Sunday
Song E,BTS,2024-01-14 18:00:00,266592,2024-01-14,18,Sunday
Song E,Arijit Singh,2024-01-14 19:00:00,61759,2024-01-14,19,Sunday
Song D,Imagine Dragons,2024-01-14 20:00:00,233021,2024-01-14,20,Sunday
Song B,Coldplay,2024-01-14 21:00:00,152374,2024-01-14,21,Sunday
Song E,Arijit Singh,2024-01-14 22:00:00,193554,2024-01-14,22,Sunday
Song B,Arijit Singh,2024-01-14 23:00:00,84442,2024-01-14,23,Sunday
Song B,The Weeknd,2024-01-15 00:00:00,224791,2024-01-15,0,Monday
Song A,BTS,2024-01-15 01:00:00,249138,2024-01-15,1,Monday
Song D,BTS,2024-01-15 02:00:00,153501,2024-01-15,2,Monday
Song E,Coldplay,2024-01-15 03:00:00,62079,2024-01-15,3,Monday
Song F,Coldplay,2024-01-15 04:00:00,193789,2024-01-15,4,Monday
Song C,Arijit Singh,2024-01-15 05:00:00,119676,2024-01-15,5,Monday
Song F,Taylor Swift,2024-01-15 06:00:00,219024,2024-01-15,6,Monday
Song D,The Weeknd,2024-01-15 07:00:00,277516,2024-01-15,7,Monday
Song C,The Weeknd,2024-01-15 08:00:00,233532,2024-01-15,8,Monday
Song D,Arijit Singh,2024-01-15 09:00:00,150397,2024-01-15,9,Monday
Song B,Imagine Dragons,2024-01-15 10:00:00,132847,2024-01-15,10,Monday
Song C,Taylor Swift,2024-01-15 11:00:00,153607,2024-01-15,11,Monday
Song B,Arijit Singh,2024-01-15 12:00:00,280178,2024-01-15,12,Monday
Song F,Taylor Swift,2024-01-15 13:00:00,209521,2024-01-15,13,Monday
Song F,Taylor Swift,2024-01-15 14:00:00,224608,2024-01-15,14,Monday
Song C,Taylor Swift,2024-01-15 15:00:00,124077,2024-01-15,15,Monday
Song C,Arijit Singh,2024-01-15 16:00:00,98258,2024-01-15,16,Monday
Song E,The Weeknd,2024-01-15 17:00:00,239374,2024-01-15,17,Monday
Song D,The Weeknd,2024-01-15 18:00:00,219937,2024-01-15,18,Monday
Song E,Taylor Swift,2024-01-15 19:00:00,197717,2024-01-15,19,Monday
Song D,Imagine Dragons,2024-01-15 20:00:00,179771,2024-01-15,20,Monday
Song E,BTS,2024-01-15 21:00:00,98000,2024-01-15,21,Monday
Song B,Arijit Singh,2024-01-15 22:00:00,86737,2024-01-15,22,Monday
Song C,BTS,2024-01-15 23:00:00,71485,2024-01-15,23,Monday
Song F,Imagine Dragons,2024-01-16 00:00:00,98565,2024-01-16,0,Tuesday
Song D,Arijit Singh,2024-01-16 01:00:00,216594,2024-01-16,1,Tuesday
Song D,Taylor Swift,2024-01-16 02:00:00,179614,2024-01-16,2,Tuesday
Song F,The Weeknd,2024-01-16 03:00:00,125155,2024-01-16,3,Tuesday
Song E,BTS,2024-01-16 04:00:00,246240,2024-01-16,4,Tuesday
Song D,Coldplay,2024-01-16 05:00:00,112487,2024-01-16,5,Tuesday
Song B,Coldplay,2024-01-16 06:00:00,189948,2024-01-16,6,Tuesday
Song C,Imagine Dragons,2024-01-16 07:00:00,72342,2024-01-16,7,Tuesday
Song F,Taylor Swift,2024-01-16 08:00:00,100806,2024-01-16,8,Tuesday
Song C,BTS,2024-01-16 09:00:00,108770,2024-01-16,9,Tuesday
Song D,Taylor Swift,2024-01-16 10:00:00,138623,2024-01-16,10,Tuesday
Song D,BTS,2024-01-16 11:00:00,163177,2024-01-16,11,Tuesday
Song F,Imagine Dragons,2024-01-16 12:00:00,290857,2024-01-16,12,Tuesday
Song B,Imagine Dragons,2024-01-16 13:00:00,191026,2024-01-16,13,Tuesday
Song A,Coldplay,2024-01-16 14:00:00,135629,2024-01-16,14,Tuesday
Song F,Taylor Swift,2024-01-16 15:00:00,180993,2024-01-16,15,Tuesday
Song A,Arijit Singh,2024-01-16 16:00:00,243675,2024-01-16,16,Tuesday
Song E,Coldplay,2024-01-16 17:00:00,186944,2024-01-16,17,Tuesday
Song A,Taylor Swift,2024-01-16 18:00:00,273046,2024-01-16,18,Tuesday
Song B,Coldplay,2024-01-16 19:00:00,165947,2024-01-16,19,Tuesday
Song E,Arijit Singh,2024-01-16 20:00:00,86399,2024-01-16,20,Tuesday
Song A,The Weeknd,2024-01-16 21:00:00,188177,2024-01-16,21,Tuesday
Song E,The Weeknd,2024-01-16 22:00:00,276454,2024-01-16,22,Tuesday
Song A,The Weeknd,2024-01-16 23:00:00,272316,2024-01-16,23,Tuesday
Song B,The Weeknd,2024-01-17 00:00:00,169575,2024-01-17,0,Wednesday
Song A,BTS,2024-01-17 01:00:00,170904,2024-01-17,1,Wednesday
Song A,The Weeknd,2024-01-17 02:00:00,267606,2024-01-17,2,Wednesday
Song A,Arijit Singh,2024-01-17 03:00:00,246178,2024-01-17,3,Wednesday
Song F,Imagine Dragons,2024-01-17 04:00:00,90678,2024-01-17,4,Wednesday
Song F,Imagine Dragons,2024-01-17 05:00:00,136218,2024-01-17,5,Wednesday
Song F,BTS,2024-01-17 06:00:00,123230,2024-01-17,6,Wednesday
Song B,The Weeknd,2024-01-17 07:00:00,134055,2024-01-17,7,Wednesday
Song E,The Weeknd,2024-01-17 08:00:00,247445,2024-01-17,8,Wednesday
Song D,The Weeknd,2024-01-17 09:00:00,222552,2024-01-17,9,Wednesday
Song A,Coldplay,2024-01-17 10:00:00,276302,2024-01-17,10,Wednesday
Song A,Taylor Swift,2024-01-17 11:00:00,259908,2024-01-17,11,Wednesday
Song B,Coldplay,2024-01-17 12:00:00,132258,2024-01-17,12,Wednesday
Song A,Taylor Swift,2024-01-17 13:00:00,99986,2024-01-17,13,Wednesday
Song F,The Weeknd,2024-01-17 14:00:00,215232,2024-01-17,14,Wednesday
Song D,The Weeknd,2024-01-17 15:00:00,145595,2024-01-17,15,Wednesday
Song C,Coldplay,2024-01-17 16:00:00,161358,2024-01-17,16,Wednesday
Song A,Coldplay,2024-01-17 17:00:00,270183,2024-01-17,17,Wednesday
Song F,Taylor Swift,2024-01-17 18:00:00,124929,2024-01-17,18,Wednesday
Song C,Imagine Dragons,2024-01-17 19:00:00,133506,2024-01-17,19,Wednesday
Song D,Taylor Swift,2024-01-17 20:00:00,94911,2024-01-17,20,Wednesday
Song C,Coldplay,2024-01-17 21:00:00,147127,2024-01-17,21,Wednesday
Song F,Arijit Singh,2024-01-17 22:00:00,222893,2024-01-17,22,Wednesday
Song E,Coldplay,2024-01-17 23:00:00,266111,2024-01-17,23,Wednesday
Song E,Arijit Singh,2024-01-18 00:00:00,251607,2024-01-18,0,Thursday
Song C,BTS,2024-01-18 01:00:00,173453,2024-01-18,1,Thursday
Song B,Coldplay,2024-01-18 02:00:00,144458,2024-01-18,2,Thursday
Song C,BTS,2024-01-18 03:00:00,72175,2024-01-18,3,Thursday
Song A,Imagine Dragons,2024-01-18 04:00:00,179235,2024-01-18,4,Thursday
Song A,Taylor Swift,2024-01-18 05:00:00,114771,2024-01-18,5,Thursday
Song E,Arijit Singh,2024-01-18 06:00:00,297732,2024-01-18,6,Thursday
Song B,Taylor Swift,2024-01-18 07:00:00,187157,2024-01-18,7,Thursday
Song F,BTS,2024-01-18 08:00:00,181300,2024-01-18,8,Thursday
Song A,Arijit Singh,2024-01-18 09:00:00,146925,2024-01-18,9,Thursday
Song E,Taylor Swift,2024-01-18 10:00:00,126358,2024-01-18,10,Thursday
Song D,Coldplay,2024-01-18 11:00:00,208399,2024-01-18,11,Thursday
Song E,The Weeknd,2024-01-18 12:00:00,107057,2024-01-18,12,Thursday
Song A,BTS,2024-01-18 13:00:00,66150,2024-01-18,13,Thursday
Song A,Taylor Swift,2024-01-18 14:00:00,64425,2024-01-18,14,Thursday
Song E,BTS,2024-01-18 15:00:00,76032,2024-01-18,15,Thursday
Song F,BTS,2024-01-18 16:00:00,62198,2024-01-18,16,Thursday
Song C,Arijit Singh,2024-01-18 17:00:00,251572,2024-01-18,17,Thursday
Song A,Arijit Singh,2024-01-18 18:00:00,244466,2024-01-18,18,Thursday
Song E,The Weeknd,2024-01-18 19:00:00,211151,2024-01-18,19,Thursday
Song E,Coldplay,2024-01-18 20:00:00,227292,2024-01-18,20,Thursday
Song B,BTS,2024-01-18 21:00:00,232946,2024-01-18,21,Thursday
Song C,Taylor Swift,2024-01-18 22:00:00,204931,2024-01-18,22,Thursday
Song D,Imagine Dragons,2024-01-18 23:00:00,241532,2024-01-18,23,Thursday
Song F,BTS,2024-01-19 00:00:00,222491,2024-01-19,0,Friday
Song D,BTS,2024-01-19 01:00:00,178865,2024-01-19,1,Friday
Song C,The Weeknd,2024-01-19 02:00:00,199777,2024-01-19,2,Friday
Song C,Coldplay,2024-01-19 03:00:00,233952,2024-01-19,3,Friday
Song C,Imagine Dragons,2024-01-19 04:00:00,83236,2024-01-19,4,Friday
Song D,Arijit Singh,2024-01-19 05:00:00,147955,2024-01-19,5,Friday
Song C,Arijit Singh,2024-01-19 06:00:00,276586,2024-01-19,6,Friday
Song E,Taylor Swift,2024-01-19 07:00:00,163145,2024-01-19,7,Friday
Song D,Imagine Dragons,2024-01-19 08:00:00,206430,2024-01-19,8,Friday
Song C,Arijit Singh,2024-01-19 09:00:00,290785,2024-01-19,9,Friday
Song E,Taylor Swift,2024-01-19 10:00:00,154914,2024-01-19,10,Friday
Song B,Coldplay,2024-01-19 11:00:00,162870,2024-01-19,11,Friday
Song C,Taylor Swift,2024-01-19 12:00:00,267990,2024-01-19,12,Friday
Song D,Arijit Singh,2024-01-19 13:00:00,176243,2024-01-19,13,Friday
Song A,The Weeknd,2024-01-19 14:00:00,74596,2024-01-19,14,Friday
Song C,The Weeknd,2024-01-19 15:00:00,224644,2024-01-19,15,Friday
Song A,The Weeknd,2024-01-19 16:00:00,269829,2024-01-19,16,Friday
Song E,Arijit Singh,2024-01-19 17:00:00,192351,2024-01-19,17,Friday
Song B,The Weeknd,2024-01-19 18:00:00,254269,2024-01-19,18,Friday
Song F,Imagine Dragons,2024-01-19 19:00:00,171496,2024-01-19,19,Friday
Song B,Coldplay,2024-01-19 20:00:00,190273,2024-01-19,20,Friday
Song C,Taylor Swift,2024-01-19 21:00:00,253588,2024-01-19,21,Friday
Song A,Taylor Swift,2024-01-19 22:00:00,198155,2024-01-19,22,Friday
Song A,Arijit Singh,2024-01-19 23:00:00,180674,2024-01-19,23,Friday
Song D,The Weeknd,2024-01-20 00:00:00,180307,2024-01-20,0,Saturday
Song A,The Weeknd,2024-01-20 01:00:00,208843,2024-01-20,1,Saturday
Song D,BTS,2024-01-20 02:00:00,221047,2024-01-20,2,Saturday
Song E,Coldplay,2024-01-20 03:00:00,236720,2024-01-20,3,Saturday
Song F,Imagine Dragons,2024-01-20 04:00:00,239357,2024-01-20,4,Saturday
Song C,Taylor Swift,2024-01-20 05:00:00,79063,2024-01-20,5,Saturday
Song D,BTS,2024-01-20 06:00:00,127642,2024-01-20,6,Saturday
Song F,BTS,2024-01-20 07:00:00,150093,2024-01-20,7,Saturday
Song A,Arijit Singh,2024-01-20 08:00:00,277215,2024-01-20,8,Saturday
Song A,Taylor Swift,2024-01-20 09:00:00,228671,2024-01-20,9,Saturday
Song F,Arijit Singh,2024-01-20 10:00:00,242992,2024-01-20,10,Saturday
Song A,Imagine Dragons,2024-01-20 11:00:00,219601,2024-01-20,11,Saturday
Song E,BTS,2024-01-20 12:00:00,95954,2024-01-20,12,Saturday
Song E,BTS,2024-01-20 13:00:00,87856,2024-01-20,13,Saturday
Song F,Coldplay,2024-01-20 14:00:00,62573,2024-01-20,14,Saturday
Song D,Imagine Dragons,2024-01-20 15:00:00,269416,2024-01-20,15,Saturday
Song D,BTS,2024-01-20 16:00:00,95367,2024-01-20,16,Saturday
Song F,Imagine Dragons,2024-01-20 17:00:00,293409,2024-01-20,17,Saturday
Song D,Taylor Swift,2024-01-20 18:00:00,297804,2024-01-20,18,Saturday
Song D,The Weeknd,2024-01-20 19:00:00,159608,2024-01-20,19,Saturday
Song E,BTS,2024-01-20 20:00:00,120774,2024-01-20,20,Saturday
Song D,Coldplay,2024-01-20 21:00:00,83752,2024-01-20,21,Saturday
Song B,Taylor Swift,2024-01-20 22:00:00,115029,2024-01-20,22,Saturday
Song C,Imagine Dragons,2024-01-20 23:00:00,208757,2024-01-20,23,Saturday
Song A,Arijit Singh,2024-01-21 00:00:00,190282,2024-01-21,0,Sunday
Song B,Taylor Swift,2024-01-21 01:00:00,111693,2024-01-21,1,Sunday
Song D,BTS,2024-01-21 02:00:00,176739,2024-01-21,2,Sunday
Song E,Imagine Dragons,2024-01-21 03:00:00,115961,2024-01-21,3,Sunday
Song F,The Weeknd,2024-01-21 04:00:00,298009,2024-01-21,4,Sunday
Song D,Taylor Swift,2024-01-21 05:00:00,267980,2024-01-21,5,Sunday
Song E,BTS,2024-01-21 06:00:00,186678,2024-01-21,6,Sunday
Song C,Coldplay,2024-01-21 07:00:00,134532,2024-01-21,7,Sunday
Song D,Arijit Singh,2024-01-21 08:00:00,141994,2024-01-21,8,Sunday
Song F,Imagine Dragons,2024-01-21 09:00:00,116133,2024-01-21,9,Sunday
Song E,Taylor Swift,2024-01-21 10:00:00,288497,2024-01-21,10,Sunday
Song E,Taylor Swift,2024-01-21 11:00:00,121268,2024-01-21,11,Sunday
Song E,The Weeknd,2024-01-21 12:00:00,283273,2024-01-21,12,Sunday
Song C,The Weeknd,2024-01-21 13:00:00,229315,2024-01-21,13,Sunday
Song D,Coldplay,2024-01-21 14:00:00,248456,2024-01-21,14,Sunday
Song C,Arijit Singh,2024-01-21 15:00:00,91653,2024-01-21,15,Sunday
Song A,Coldplay,2024-01-21 16:00:00,217729,2024-01-21,16,Sunday
Song A,BTS,2024-01-21 17:00:00,231024,2024-01-21,17,Sunday
Song D,BTS,2024-01-21 18:00:00,213252,2024-01-21,18,Sunday
Song C,Coldplay,2024-01-21 19:00:00,288504,2024-01-21,19,Sunday
